{
    "serviceDesk.contactSupport": "Contact Support",
    "serviceDesk.title": "Service Desk",
    "serviceDesk.howCanWeHelpYou": "How can we help you?",
    "serviceDesk.summary": "Summary",
    "serviceDesk.description": "Description",
    "serviceDesk.attachment": "Attachment",
    "serviceDesk.howUrgentIsThisRequest": "How urgent is this request?",
    "serviceDesk.whatIsTheImpactOfThisRequest": "What is the impact of this request?",
    "serviceDesk.send": "Send",
    "serviceDesk.cancel": "Cancel",
    "serviceDesk.sendSuccessfully": "Thank you! Your reference is ${ticketNumber}. Please check email ${userEmailAddress} for confirmation and updates.",
    "serviceDesk.sendSuccessfullyWithoutUserEmail": "Thank you! Your reference is ${ticketNumber}.",
    "serviceDesk.support": "Technical support",
    "serviceDesk.bug": "Report a bug",
    "serviceDesk.improvement": "Suggest a improvement",
    "serviceDesk.newFeature": "Suggest a new feature",
    "serviceDesk.high": "High",
    "serviceDesk.medium": "Medium",
    "serviceDesk.low": "Low",
    "serviceDesk.extensive": "Extensive",
    "serviceDesk.significant": "Significant",
    "serviceDesk.moderate": "Moderate",
    "serviceDesk.local": "Local",
    "serviceDesk.attachmentTooLarge": "Your attachment is too large."
}